system,phase,filename,formation_energy_eV_per_atom,distance_to_hull_eV_per_atom,source_relative_path,sha256
AgTi,Ag1Ti1,struct_3671_3_relaxed.vasp,-0.059105330937500256,0.0,AgTi/Ag1Ti1/xyz2poscar/struct_3671_3_relaxed.vasp,aa025ca9c0b345cb9c5170cdf6f036a2d1f0e9ca9bd9115bd687b8d7f938751f
AgTi,Ag1Ti2,struct_1684_8_relaxed.vasp,-0.060766787222224,0.0,AgTi/Ag1Ti2/xyz2poscar/struct_1684_8_relaxed.vasp,aa40356c77d45c3c720d837bb20af6a9e888b4fc136a7757464d4f0a5e9a9b6e
AgTi,Ag3Ti4,struct_8697_3_relaxed.vasp,-0.05930798273809993,0.0005094008928533608,AgTi/Ag3Ti4/xyz2poscar/struct_8697_3_relaxed.vasp,83d9ab04b2606eff5190937803d90235c21ee5e45466316c7d9733961af47cf0
AlAu,Al1Au2,struct_7226_3_relaxed.vasp,-0.3261347488888894,0.0,AlAu/Al1Au2/xyz2poscar/struct_7226_3_relaxed.vasp,780b35d9fe903144e5f9b7a1ed7c76d212a1747022f7340bb8a3801f1c9ffe70
AlAu,Al1Au4,struct_8389_6_relaxed.vasp,-0.21667835049999978,0.0,AlAu/Al1Au4/xyz2poscar/struct_8389_6_relaxed.vasp,457f78f2cea9495e2997039ec2430e09c123a50ddcda3f5fc0c8066b5adb4b5e
AlAu,Al2Au1,struct_1839_7_relaxed.vasp,-0.43767856750000017,0.0,AlAu/Al2Au1/xyz2poscar/struct_1839_7_relaxed.vasp,f59379c3009f6d36f3145dfcd7d64889760b19990522c0baf2cb57439c96da38
AlCu,Al1Cu2,struct_1489_8_relaxed.vasp,-0.25106374750000054,0.0,AlCu/Al1Cu2/xyz2poscar/struct_1489_8_relaxed.vasp,239892ab809930f35157f8e1cea3eea326373e80d2af3976ab375f70e627a9ef
AlCu,Al1Cu3,struct_4765_9_relaxed.vasp,-0.24028218749999475,0.0,AlCu/Al1Cu3/xyz2poscar/struct_4765_9_relaxed.vasp,29969fe755e63b193e44bce79c5b84e800f6147810b5296434e314320223739e
AlCu,Al1Cu5,struct_2550_6_relaxed.vasp,-0.18009929791666401,0.0,AlCu/Al1Cu5/xyz2poscar/struct_2550_6_relaxed.vasp,fff6bd5af8fb85a33a08792c4b06f2d90de021f1765886b96179d8d21b974d57
AlCu,Al2Cu1,struct_2992_4_relaxed.vasp,-0.20323634777777658,0.0,AlCu/Al2Cu1/xyz2poscar/struct_2992_4_relaxed.vasp,66e2dbc4740b3c43f66bc803f5cd9f9772f87857e53cb0ea8148b8bda36d1d28
AlHf,Al1Hf3,struct_14833_8_relaxed.vasp,-0.22742664624999698,0.0005745908333327776,AlHf/Al1Hf3/xyz2poscar/struct_14833_8_relaxed.vasp,e9e37f5aea2dea07a633ab15fa6a7a59dcfa053156e83d8e54a355ef33d0d8f6
AlHf,Al1Hf3,struct_15897_0_relaxed.vasp,-0.2278387877777735,0.00016244930555625592,AlHf/Al1Hf3/xyz2poscar/struct_15897_0_relaxed.vasp,653b3aba26415b41a0c7d7f1f073a252dda7b05782e625f6b68f1d9bd94998ed
AlHf,Al1Hf3,struct_18636_0_relaxed.vasp,-0.22800123708332976,0.0,AlHf/Al1Hf3/xyz2poscar/struct_18636_0_relaxed.vasp,0b5946a851e7bd296e2fe5a1651dd70d314813ae11045d8a12357e64713d4515
AlHf,Al2Hf1,struct_2265_2_relaxed.vasp,-0.4405288012500013,0.0,AlHf/Al2Hf1/xyz2poscar/struct_2265_2_relaxed.vasp,df31044fc491d01b9f789fa264a827d1844eaf2dd217d60aa290ff17606d6822
AlHf,Al3Hf1,struct_6558_9_relaxed.vasp,-0.39132307968749824,0.0,AlHf/Al3Hf1/xyz2poscar/struct_6558_9_relaxed.vasp,ebb18c126f18894e52d8d257cb26d5e11b0ded5f496c4df122915f9cd6d30b6c
AlHf,Al3Hf4,struct_4978_6_relaxed.vasp,-0.389679334464281,0.0,AlHf/Al3Hf4/xyz2poscar/struct_4978_6_relaxed.vasp,54f076ea160583d9724377fcdca8b96e397712d6975e72f62007cfce4d83d1e9
AlNb,Al1Nb1,struct_3107_4_relaxed.vasp,-0.29416276312500056,0.0,AlNb/Al1Nb1/xyz2poscar/struct_3107_4_relaxed.vasp,17826029c2ac12553aa9111fe9187f1aca4dd6a3263fdc31d55e9398b8e7535d
AlNb,Al3Nb1,struct_4526_0_relaxed.vasp,-0.40455957854166397,0.0,AlNb/Al3Nb1/xyz2poscar/struct_4526_0_relaxed.vasp,8d1b5fbdccb9e9c62dc821af6bc31c492048a82ee29c4d90cb19d3c34e87efaf
AlNb,Al3Nb5,struct_4148_6_relaxed.vasp,-0.22697728484373947,0.0,AlNb/Al3Nb5/xyz2poscar/struct_4148_6_relaxed.vasp,e877f33a72cd1a85b0c65664a67e6191fa7113f3a9320b4d80af16b0520b5900
AlNi,Al1Ni1,struct_190_4_relaxed.vasp,-0.35146794333333337,0.0,AlNi/Al1Ni1/xyz2poscar/struct_190_4_relaxed.vasp,8d5ec3cb5f1b2eaa9bf06dbd4b49abe0fe4baa1f041a26a2c6c177f75f13ec82
AlNi,Al3Ni1,struct_22509_relaxed.vasp,-0.25752167937500037,0.0,AlNi/Al3Ni1/xyz2poscar/struct_22509_relaxed.vasp,4face519237428d0048fba24ad47b6a35caf2ccaf74d3223144ce9f4819128db
AlNi,Al3Ni2,struct_26962_relaxed.vasp,-0.36940587400000024,0.0,AlNi/Al3Ni2/xyz2poscar/struct_26962_relaxed.vasp,6da82f0d9e07d80e00f203b96228acb473500cbe1c3ef7ce025d4e6cb24455e8
AlNi,Al4Ni3,struct_885_3_2_relaxed.vasp,-0.3655396070535803,0.0,AlNi/Al4Ni3/xyz2poscar/struct_885_3_2_relaxed.vasp,01a3512ad0bf134dfb133a309244689ceaf7a1b174631c422e2d1171e4264d8a
AlPd,Al1Pd1,struct_2552_3_relaxed.vasp,-0.902746996249998,0.0,AlPd/Al1Pd1/xyz2poscar/struct_2552_3_relaxed.vasp,9e84375dac26955295ad22ec7c58cbff74968a0ac427516806dab70bb3e86064
AlPd,Al1Pd2,struct_1019_0_relaxed.vasp,-0.7752860908333338,0.00014129494444459212,AlPd/Al1Pd2/xyz2poscar/struct_1019_0_relaxed.vasp,9cb90583d807aad04f80cf4a383e741d243f7acfccc05906f2a87a821a897cf5
AlPd,Al1Pd2,struct_4576_0_relaxed.vasp,-0.7747430660416631,0.0006843197361152686,AlPd/Al1Pd2/xyz2poscar/struct_4576_0_relaxed.vasp,fcdaab3f77258303bc151eb134a2ae01a1fbf377e68e6bdf69cbc9c949927262
AlPd,Al1Pd3,struct_3949_3_relaxed.vasp,-0.6373318252083292,0.0,AlPd/Al1Pd3/xyz2poscar/struct_3949_3_relaxed.vasp,9209d6ad2883d880fc547f102ea29f425614bafc3d6b29ae94e317433ea92796
AlPd,Al1Pd4,struct_2392_2_relaxed.vasp,-0.5222604252499963,0.0,AlPd/Al1Pd4/xyz2poscar/struct_2392_2_relaxed.vasp,9fa28685868fe879a0bcc6e7835752662ae65b5de799a09a083af9df9e9e5e47
AlPd,Al1Pd5,struct_2670_0_relaxed.vasp,-0.4442788095833296,0.0,AlPd/Al1Pd5/xyz2poscar/struct_2670_0_relaxed.vasp,912550f7415c160849a62f7301b176305fddbce3bbcd690b6069cc154120c4b7
AlPd,Al2Pd5,struct_7677_7_relaxed.vasp,-0.707081089880957,0.0,AlPd/Al2Pd5/xyz2poscar/struct_7677_7_relaxed.vasp,9e0f66dc2e1bc84ba92fb25c5d606fc02318633fbdfb52f3e115a0f2696063ba
AlPd,Al3Pd2,struct_924_6_relaxed.vasp,-0.7620835746666671,0.0,AlPd/Al3Pd2/xyz2poscar/struct_924_6_relaxed.vasp,3fb44da53a729e2a5159ceb8df5147ea2f5908a91c5b027b651c69dfce0dd5c1
AlPd,Al3Pd5,struct_1520_6_relaxed.vasp,-0.835230394687497,0.0,AlPd/Al3Pd5/xyz2poscar/struct_1520_6_relaxed.vasp,2f5a2d15a1a79838adbb34ddc54b34f267ab226d723cd9250850b475d08702c8
AlRh,Al1Rh1,struct_2906_3_relaxed.vasp,-0.6272984959374979,0.0,AlRh/Al1Rh1/xyz2poscar/struct_2906_3_relaxed.vasp,8ef9e038a104d611a571061d9201a95bedf484d645c8827a33be4a5da6671610
AlRh,Al2Rh1,struct_3671_8_relaxed.vasp,-0.4935698702777742,0.0,AlRh/Al2Rh1/xyz2poscar/struct_3671_8_relaxed.vasp,70094477bbd8230688dbcda8fc9504c537ceacaa09021778348157a23de59611
AlRh,Al3Rh1,struct_5487_3_relaxed.vasp,-0.409039016875,0.0,AlRh/Al3Rh1/xyz2poscar/struct_5487_3_relaxed.vasp,6cd8846e1619bc830f68c06186a983eac2571764de58e75e80f8c9a7a7ed1f24
AlRh,Al3Rh1,struct_5741_0_relaxed.vasp,-0.4088154187499997,0.00022359812500027942,AlRh/Al3Rh1/xyz2poscar/struct_5741_0_relaxed.vasp,ee287ac3b946106e2a83dd24f6385eb9406f8b82972fe3288ad556983aa10544
AlRh,Al5Rh1,struct_7712_2_relaxed.vasp,-0.28770122708333307,0.0,AlRh/Al5Rh1/xyz2poscar/struct_7712_2_relaxed.vasp,a0fc7235937c7a3678e3ba39fc7ef70636b8a27cb1b9a226d0846f13d791be14
AlSc,Al1Sc1,struct_1557_9_relaxed.vasp,-0.46072288749999935,0.0,AlSc/Al1Sc1/xyz2poscar/struct_1557_9_relaxed.vasp,e6d1e630678f9f7c7022443a301121764ab4428dcae0375b9c08c3b069700ccc
AlSc,Al1Sc2,struct_10415_4_relaxed.vasp,-0.3442944002777766,0.0,AlSc/Al1Sc2/xyz2poscar/struct_10415_4_relaxed.vasp,c064ee0b46f8771782d220db2eb5a629383fc02850c27b55eead3098ae727228
AlSc,Al1Sc3,struct_19783_3_relaxed.vasp,-0.2648530293749995,0.0,AlSc/Al1Sc3/xyz2poscar/struct_19783_3_relaxed.vasp,f95cf3c89f02639d2e781be3d6c697080f88dec5dc097b4ac1c0d7a2011c78d1
AlSc,Al2Sc1,struct_4534_2_relaxed.vasp,-0.4816656583333317,0.0,AlSc/Al2Sc1/xyz2poscar/struct_4534_2_relaxed.vasp,4869f7451fed0868648665f8931595dfda578b138811c21857b0b4c0f8b9bf3f
AlSc,Al3Sc1,struct_12506_2_relaxed.vasp,-0.4505158739583308,0.0,AlSc/Al3Sc1/xyz2poscar/struct_12506_2_relaxed.vasp,c954eecdbd91a6340169a81bb27e280de5af0f4626de03cbdb03c29e1f33de6a
AlTi,Al1Ti1,struct_4092_8_relaxed.vasp,-0.4033405803124994,0.0,AlTi/Al1Ti1/xyz2poscar/struct_4092_8_relaxed.vasp,69cdc8a61fe410d6e0f508e05f37a2d58711f10bb31c2139844a97b7999a1b02
AlTi,Al1Ti3,struct_1200_0_relaxed.vasp,-0.2668716387500014,0.0,AlTi/Al1Ti3/xyz2poscar/struct_1200_0_relaxed.vasp,75f709749a07222e1bf1c9dd9da086e3d27aba405eacfd84588afa568b80b098
AlTi,Al2Ti1,struct_3190_0_relaxed.vasp,-0.42684454041666875,0.0,AlTi/Al2Ti1/xyz2poscar/struct_3190_0_relaxed.vasp,e5db1822bd66af7985816bce9614acfce677180b4893d88b123daf35b45fe989
AlTi,Al3Ti1,struct_1643_4_relaxed.vasp,-0.40221285291666814,0.0,AlTi/Al3Ti1/xyz2poscar/struct_1643_4_relaxed.vasp,40e0922325f824ea6a785db5063f6125efcdb53177bb637d5c8ee8d8f1ef61f1
AlTi,Al3Ti4,struct_3714_1_relaxed.vasp,-0.3677174387500009,0.0,AlTi/Al3Ti4/xyz2poscar/struct_3714_1_relaxed.vasp,12e0fde7dae2eab7e192002377cc66726d4acf9c423e011166916040375bcd27
AlTi,Al5Ti3,struct_3701_7_relaxed.vasp,-0.42095992156250084,8.628828125578636e-06,AlTi/Al5Ti3/xyz2poscar/struct_3701_7_relaxed.vasp,e600ce83d5be6894c8ffde5e8658314eaaa7391af0fddeba3a6d19a8ed09836c
AuTi,Au1Ti3,struct_2653_0_relaxed.vasp,-0.36131232406249936,0.0,AuTi/Au1Ti3/xyz2poscar/struct_2653_0_relaxed.vasp,4051858f7ba17645171cb38c82e2f29a1ad39be356d891c82ef79b578db95e8a
AuTi,Au2Ti1,struct_1898_0_relaxed.vasp,-0.43654653708333474,0.0,AuTi/Au2Ti1/xyz2poscar/struct_1898_0_relaxed.vasp,edc39e33949c5a48eed3eae6447c8a718e0778bd665a0d97cf99b6ebe4ab8ba2
AuTi,Au4Ti1,struct_425_relaxed.vasp,-0.288762569,0.0,AuTi/Au4Ti1/xyz2poscar/struct_425_relaxed.vasp,27dc3513b40cd9e3ca0ff11e471bf2140f60cf2347d1c41fcbe1a6a70a518daf
CdMg,Cd1Mg3,struct_19801_4_relaxed.vasp,-0.07084556625000049,0.0,CdMg/Cd1Mg3/xyz2poscar/struct_19801_4_relaxed.vasp,8951ba230e3b23e3924025f06263f013119ed1116cbfc661a19db506d67a5761
CdMg,Cd2Mg3,struct_3544_0_relaxed.vasp,-0.09631592500000022,0.0,CdMg/Cd2Mg3/xyz2poscar/struct_3544_0_relaxed.vasp,e52cc8e4c4b96829a5fcb3a79c888cf5b31c91047ead268257d742d23efd4067
CdMg,Cd3Mg2,struct_12762_3_relaxed.vasp,-0.09149833175000008,0.0,CdMg/Cd3Mg2/xyz2poscar/struct_12762_3_relaxed.vasp,f16b0f73f34c90a7f5187d4fea0c9bccf39a6e3b0c71fac261babc31b8adc995
CdMg,Cd3Mg5,struct_2134_6_relaxed.vasp,-0.09216343281249983,0.0,CdMg/Cd3Mg5/xyz2poscar/struct_2134_6_relaxed.vasp,a921c890c8eee21619822a688d47c9aabbbc7198f88e4fc46c80445bd552750e
CdMg,Cd5Mg1,struct_12904_6_relaxed.vasp,-0.061558234999999684,0.0,CdMg/Cd5Mg1/xyz2poscar/struct_12904_6_relaxed.vasp,d7e52e4d4d076b09f7c3c970fc64677a21f0c427948e51ca021a6945ea229813
CdMg,Cd5Mg3,struct_8968_5_relaxed.vasp,-0.08828200593749957,8.4583035718927e-06,CdMg/Cd5Mg3/xyz2poscar/struct_8968_5_relaxed.vasp,16ea8d8a361f0206ff531319e45d144c13635450464bb4c7f6c3c5fab7c8391e
CdTi,Cd1Ti1,struct_3426_7_relaxed.vasp,-0.05251751416666769,0.0,CdTi/Cd1Ti1/xyz2poscar/struct_3426_7_relaxed.vasp,5161c8374bd9555758358161256da8261e36d13cefb55068b11c0cd3d18eef97
CdTi,Cd1Ti2,struct_5026_5_relaxed.vasp,-0.05854324729166412,0.0,CdTi/Cd1Ti2/xyz2poscar/struct_5026_5_relaxed.vasp,fdb76858b10246d18f59bf1780e66eb471468a4c452d61e3e24f6430d46de61d
CuPd,Cu1Pd1,struct_3142_4_relaxed.vasp,-0.1535826118749979,0.0,CuPd/Cu1Pd1/xyz2poscar/struct_3142_4_relaxed.vasp,d82c726e2c1d988d839da17db846129e0ffbd1da02e0a4dfd7f067e03e7f6200
CuPd,Cu1Pd5,struct_2624_1_relaxed.vasp,-0.05544054374999637,0.000358221249999964,CuPd/Cu1Pd5/xyz2poscar/struct_2624_1_relaxed.vasp,1f338a5366698f2018e0e2b2735c556291ed7fb9150ede5647055522259cffab
CuPd,Cu1Pd5,struct_2795_0_relaxed.vasp,-0.05579876499999633,0.0,CuPd/Cu1Pd5/xyz2poscar/struct_2795_0_relaxed.vasp,21d154e9fb6eea04230916e8c83c5c0f067658b82dcefbf554b0e57e37fc45fc
CuPd,Cu1Pd5,struct_2938_4_relaxed.vasp,-0.05548682812499628,0.0003119368750000573,CuPd/Cu1Pd5/xyz2poscar/struct_2938_4_relaxed.vasp,17b7c48905d13951e2cb8a58feeab2ac82c1eb863cb85421c11cdb18d44bd6c3
CuPd,Cu1Pd5,struct_3070_6_relaxed.vasp,-0.05539177624999603,0.0004069887500003089,CuPd/Cu1Pd5/xyz2poscar/struct_3070_6_relaxed.vasp,9560497bb6969cf1eb1f7cdd9a4de28df4904bc3c3210687a1644af9cd02e311
CuPd,Cu1Pd5,struct_3080_0_relaxed.vasp,-0.05528615562499617,0.000512609375000167,CuPd/Cu1Pd5/xyz2poscar/struct_3080_0_relaxed.vasp,49e9164f3404100aebd961af3266055c8b617e147410037f8919bc1908f4bc92
CuPd,Cu1Pd5,struct_3080_2_relaxed.vasp,-0.05486675833332969,0.0009320066666666446,CuPd/Cu1Pd5/xyz2poscar/struct_3080_2_relaxed.vasp,0814d640db04d0f2c7406ab087676bf48c820b8001f37cc5bdc9ad7a71d4ef7f
CuPd,Cu3Pd1,struct_4119_0_relaxed.vasp,-0.1546603387499991,0.0,CuPd/Cu3Pd1/xyz2poscar/struct_4119_0_relaxed.vasp,28b4eca7d21751e6058f1c7beab430d75592cd5ab5affbb2a96e83059e31b4fd
CuPd,Cu4Pd1,struct_2371_2_relaxed.vasp,-0.1383329557499998,0.0,CuPd/Cu4Pd1/xyz2poscar/struct_2371_2_relaxed.vasp,caafa5e73e16c133b3ba4a7ff309e42f14d0ae685cecd139a2431fae434d3532
CuPd,Cu5Pd1,struct_1038_3_relaxed.vasp,-0.12470260291666631,0.0009120839583320189,CuPd/Cu5Pd1/xyz2poscar/struct_1038_3_relaxed.vasp,733a71993e680b8c20538b0e832ce4d43b2ddeb5098e625111e103b79d95a9cf
CuPd,Cu5Pd1,struct_2487_6_relaxed.vasp,-0.12561468687499833,0.0,CuPd/Cu5Pd1/xyz2poscar/struct_2487_6_relaxed.vasp,4ff13aaaf4f5f099599158c8cede5d84fb8ac5004e4399db205189c0609e0ce9
CuSc,Cu1Sc1,struct_4002_2_relaxed.vasp,-0.3137357931249998,0.0,CuSc/Cu1Sc1/xyz2poscar/struct_4002_2_relaxed.vasp,ba53cd7ea2bc2acca5ef142f0440687b5bec64fd55d02947fb86fff1ce5bb0be
CuSc,Cu2Sc1,struct_4327_2_relaxed.vasp,-0.280716846666667,0.0,CuSc/Cu2Sc1/xyz2poscar/struct_4327_2_relaxed.vasp,fd4c608f3041bcac3360b863d21f7c34fdd2de6064d3c112f4ee45c4e939ede3
CuSc,Cu5Sc1,struct_10705_3_relaxed.vasp,-0.20905160166666725,0.0,CuSc/Cu5Sc1/xyz2poscar/struct_10705_3_relaxed.vasp,e737a6c2565a71d2da7d37a4d811a99f63426ca41ac8e2df4438ebbe27b90e4d
CuTi,Cu1Ti1,struct_2692_2_relaxed.vasp,-0.16524821375000087,0.0,CuTi/Cu1Ti1/xyz2poscar/struct_2692_2_relaxed.vasp,1ea657516fb77fabf8a0ec1303a1d7ba62a9a6901b8d1a397c94b14b937210e3
CuTi,Cu1Ti2,struct_9004_3_relaxed.vasp,-0.12351738500000072,0.0,CuTi/Cu1Ti2/xyz2poscar/struct_9004_3_relaxed.vasp,524e696749da4fd5b956212a367d58ab84f255467e129dff2481877e674e36ca
CuTi,Cu2Ti1,struct_4490_2_relaxed.vasp,-0.1327955756249981,0.0,CuTi/Cu2Ti1/xyz2poscar/struct_4490_2_relaxed.vasp,e25b34b623b1a1745a0f29a5efaae5f328f84bbd2c56a389dbd1e8b292fb6e79
CuTi,Cu3Ti1,struct_11410_5_relaxed.vasp,-0.11431870140624856,0.0,CuTi/Cu3Ti1/xyz2poscar/struct_11410_5_relaxed.vasp,3e52b87bc0e52d00b18ee961605536b31aaa7b708026b749d704a91177ebdd87
CuY,Cu2Y3,struct_8449_7_relaxed.vasp,-0.8513505244999995,0.0,CuY/Cu2Y3/xyz2poscar/struct_8449_7_relaxed.vasp,13d02664e5e9b51596a008d3d30c95a09842f37f914298785ee80c19cb705351
IrTi,Ir1Ti1,struct_1393_4_relaxed.vasp,-0.8661313200000027,0.0,IrTi/Ir1Ti1/xyz2poscar/struct_1393_4_relaxed.vasp,1608095a92062e625ce40a09e6f1508c079805fe5dd0ba4a3cbc82f19a94ae4f
IrTi,Ir1Ti2,struct_2091_0_relaxed.vasp,-0.7079696404166652,0.0,IrTi/Ir1Ti2/xyz2poscar/struct_2091_0_relaxed.vasp,1bdfddf1a2b9140b365c41493a5ff691128f46356b58be8783903b719283f13e
IrTi,Ir1Ti3,struct_2601_0_relaxed.vasp,-0.5774210153124972,0.0,IrTi/Ir1Ti3/xyz2poscar/struct_2601_0_relaxed.vasp,c404342cff370a8bbee0b903828d56d51f83151b7b3be0bc619e09557aff93bf
IrTi,Ir2Ti1,struct_5018_6_relaxed.vasp,-0.7934308781250117,0.0,IrTi/Ir2Ti1/xyz2poscar/struct_5018_6_relaxed.vasp,65aee2c6d87673bc4c32d07ac0c7b31b58b968cfb8a0b7e6cd5967028bb9847f
IrTi,Ir3Ti1,struct_6162_5_relaxed.vasp,-0.715522644375012,0.0,IrTi/Ir3Ti1/xyz2poscar/struct_6162_5_relaxed.vasp,86c22cf9ebc2dc0eee48c41d62afc81458921cba8137d24535d260a461b77533
IrTi,Ir5Ti1,struct_15489_1_relaxed.vasp,-0.47742809666667874,0.0,IrTi/Ir5Ti1/xyz2poscar/struct_15489_1_relaxed.vasp,0f460b2d0d4ec6b90b796b5bf14ec4e9ece6379ca485f4f31a7d7b96193c1454
LiMg,Li1Mg7,struct_2297_8_relaxed.vasp,-0.02286566968750048,0.0008604549999999822,LiMg/Li1Mg7/xyz2poscar/struct_2297_8_relaxed.vasp,b559b4a138142772ddce43b4ced2e0bfe5683956f7610a09b2ed594ebc193a77
LiMg,Li1Mg7,struct_2467_1_relaxed.vasp,-0.02372612468750046,0.0,LiMg/Li1Mg7/xyz2poscar/struct_2467_1_relaxed.vasp,27437ad948e18cf1e2bc0ceec18a97ac2921d790a2e7a8d68dcded77b79f00e4
LiMg,Li2Mg5,struct_5244_5_relaxed.vasp,-0.04776544785714191,0.0,LiMg/Li2Mg5/xyz2poscar/struct_5244_5_relaxed.vasp,3a47d685e0c01f289b0f9e74c36b20e4f3f7bbe712d0e7d9afbf685e351b0a6e
LiMg,Li3Mg2,struct_3158_0_relaxed.vasp,-0.05624493874999992,0.0,LiMg/Li3Mg2/xyz2poscar/struct_3158_0_relaxed.vasp,cf48084a59f3f3fb4a03836083d5588df50f61a96a370bb62956d88ef1fb95ec
LiMg,Li3Mg4,struct_1907_1_relaxed.vasp,-0.06278474892857185,0.0,LiMg/Li3Mg4/xyz2poscar/struct_1907_1_relaxed.vasp,5e39107bd3bded9707b97f277c1db9233ada1bab6fb3cffcb40b0161cc16e123
LiMg,Li4Mg1,struct_3040_7_relaxed.vasp,-0.029342603499998888,0.0,LiMg/Li4Mg1/xyz2poscar/struct_3040_7_relaxed.vasp,6743c38f20ee6ab3ff1f05b057a0adafc6677ca768dc34c6aa55cb51b90ae2c3
LiMg,Li5Mg1,struct_1554_7_relaxed.vasp,-0.0238337891666666,0.0006183804166658043,LiMg/Li5Mg1/xyz2poscar/struct_1554_7_relaxed.vasp,104c7035478477dcac16331338b182614383d36b2960e82b27db5af238853b85
MgPd,Mg1Pd1,struct_4527_4_relaxed.vasp,-0.7279580187499985,0.0,MgPd/Mg1Pd1/xyz2poscar/struct_4527_4_relaxed.vasp,d63b193115634e9dd44c56dfa0264a0486efc2f5ea9657975aab9e55ed085516
MgPd,Mg1Pd2,struct_9388_2_relaxed.vasp,-0.5916441002777751,0.0,MgPd/Mg1Pd2/xyz2poscar/struct_9388_2_relaxed.vasp,590dca472d8426417c6be488eb574a011ac8f8fd40f78f2b242691f3f794a94e
MgPd,Mg1Pd3,struct_17412_6_relaxed.vasp,-0.47799111015624796,0.0,MgPd/Mg1Pd3/xyz2poscar/struct_17412_6_relaxed.vasp,599d8209329001d70c888b5d277b0bda25529e79244f54bc816e861488194612
MgPd,Mg1Pd4,struct_2486_3_relaxed.vasp,-0.3976174414999967,0.0,MgPd/Mg1Pd4/xyz2poscar/struct_2486_3_relaxed.vasp,a4def304bb7531f8c4d4d047fec2bdedc33c10458f2cd077d0b022613e3b15e6
MgPd,Mg1Pd4,struct_2977_3_relaxed.vasp,-0.397102775999997,0.0005146654999997335,MgPd/Mg1Pd4/xyz2poscar/struct_2977_3_relaxed.vasp,f7a61b2344ce85c9a5840a6e97c66bcbcd5e894adfff44ca2aca66af0d7c2433
MgPd,Mg2Pd1,struct_2245_8_relaxed.vasp,-0.5356838362500002,0.0,MgPd/Mg2Pd1/xyz2poscar/struct_2245_8_relaxed.vasp,cea28076a3d9547da49b4e726fa9955fd982337370124e14514350ac3b0682c6
MgPd,Mg2Pd3,struct_3208_4_relaxed.vasp,-0.6617440254999977,0.0,MgPd/Mg2Pd3/xyz2poscar/struct_3208_4_relaxed.vasp,d75de06a884ceaf87836e330d46d6e41c6bc38d54308506763fcd3f010a82617
MgPd,Mg3Pd1,struct_8370_4_relaxed.vasp,-0.4189806687500002,0.0,MgPd/Mg3Pd1/xyz2poscar/struct_8370_4_relaxed.vasp,5f73ad96bf98bd118efe6e5d8fe1e726794538b9d06228b8257f7336a373f6d5
MgPd,Mg3Pd5,struct_2159_8_relaxed.vasp,-0.6369624381249981,0.0,MgPd/Mg3Pd5/xyz2poscar/struct_2159_8_relaxed.vasp,2e7a6bbea4ecd05dad431338d49b6aab4092c6bc138b6ce812b8d43d93212dd9
MgPd,Mg4Pd1,struct_8909_0_relaxed.vasp,-0.34714158449999954,0.0,MgPd/Mg4Pd1/xyz2poscar/struct_8909_0_relaxed.vasp,5bd375faad2761cada5b4109c4ae7f9c6b79037cc1954b14b5f45e9d4def8742
MgSc,Mg3Sc1,struct_11364_8_relaxed.vasp,-0.04631495281249931,0.0,MgSc/Mg3Sc1/xyz2poscar/struct_11364_8_relaxed.vasp,a48d17e65cf920d54e769611742d29b062773e1cbaa8bf28dc929c34edd1ac45
MgSc,Mg3Sc2,struct_13894_9_relaxed.vasp,-0.0452906357499991,0.0,MgSc/Mg3Sc2/xyz2poscar/struct_13894_9_relaxed.vasp,23f439c49dba26715495844c317e5566ddbd8eb67b81a735ffa6af344c4eab8e
MgSc,Mg4Sc3,struct_19677_4_relaxed.vasp,-0.04356818857142792,0.0,MgSc/Mg4Sc3/xyz2poscar/struct_19677_4_relaxed.vasp,3edd2d3bb8901c65ee93858ac56924009cf0f72d5fbd9096f7459149086ba180
MgY,Mg1Y4,struct_4242_4_relaxed.vasp,-0.6690727000000024,0.0,MgY/Mg1Y4/xyz2poscar/struct_4242_4_relaxed.vasp,cdab12bcbe05fbfc12cba6ed35bae152b8f1a34f256e998617c0e691783fcacf
MgY,Mg3Y5,struct_5590_2_relaxed.vasp,-0.7420831537500021,0.0,MgY/Mg3Y5/xyz2poscar/struct_5590_2_relaxed.vasp,b51ab1290c63b1ccdfbc0cc98768fb4cb0c4754937958809d3a5b045253cba57
MoTi,Mo1Ti1,struct_3699_5_relaxed.vasp,-0.10126848687499823,0.0,MoTi/Mo1Ti1/xyz2poscar/struct_3699_5_relaxed.vasp,75d0e1dc86aab2af7ff97dcdb1b86030a6b2f5904df6754cea71ebb135a92d6d
MoTi,Mo2Ti1,struct_1784_7_relaxed.vasp,-0.11371155541666174,0.0,MoTi/Mo2Ti1/xyz2poscar/struct_1784_7_relaxed.vasp,29d9b4e2765d70187b0748fb684371c1513a58f1b83079b1ffc0de2b7548bc89
MoTi,Mo2Ti1,struct_5239_3_relaxed.vasp,-0.11278586687500791,0.0009256885416538269,MoTi/Mo2Ti1/xyz2poscar/struct_5239_3_relaxed.vasp,b25edb81e1438def57b60dc16f984877d68dfb6afe840822715341d9090c89a4
MoTi,Mo3Ti1,struct_11814_7_relaxed.vasp,-0.115976899375001,0.0,MoTi/Mo3Ti1/xyz2poscar/struct_11814_7_relaxed.vasp,10a9fdffa26c6b23df008a71e9ed13e349d8150e34f587685d4a364d1600dd8f
MoTi,Mo5Ti1,struct_9172_1_relaxed.vasp,-0.11444371499999424,0.0,MoTi/Mo5Ti1/xyz2poscar/struct_9172_1_relaxed.vasp,62b7a541abe605344b03b06f71176c2cde5346e9ff643c2b7e357800c8e55754
OsTi,Os1Ti1,struct_1397_0_relaxed.vasp,-0.7298280581249994,0.0,OsTi/Os1Ti1/xyz2poscar/struct_1397_0_relaxed.vasp,403d6e1d36f82c2fb8dd50d40b38ad5596043219d93f3c8a3bbbc88254e63a7c
OsTi,Os1Ti2,struct_9684_2_relaxed.vasp,-0.5185919535416753,0.0,OsTi/Os1Ti2/xyz2poscar/struct_9684_2_relaxed.vasp,7d478a99551dbc5313eb19d910baa0566683ca24c8a75d8bfd6333f37ffaac50
OsTi,Os1Ti4,struct_3028_1_relaxed.vasp,-0.3287763172500021,0.0,OsTi/Os1Ti4/xyz2poscar/struct_3028_1_relaxed.vasp,5a37aa25dd9bc6a3a0f358ee39b0867c4a91f12a4dd6bb55a08c36401ea4bd26
OsTi,Os1Ti5,struct_1653_2_relaxed.vasp,-0.2770366337499984,0.0,OsTi/Os1Ti5/xyz2poscar/struct_1653_2_relaxed.vasp,6f36073bb5b142dfda58cccef911af46f3c61dc5570c6d48805596bf837110c2
OsTi,Os2Ti3,struct_2998_9_relaxed.vasp,-0.6069205917500071,0.0,OsTi/Os2Ti3/xyz2poscar/struct_2998_9_relaxed.vasp,aacf9455afa2753c65a5e8557cbce2e2335b89bf33ce8f5af8e33b93ddfca9f2
PdTi,Pd1Ti2,struct_8987_1_relaxed.vasp,-0.4415562487500016,0.0,PdTi/Pd1Ti2/xyz2poscar/struct_8987_1_relaxed.vasp,b4eecc8bc7915922979a4a66b7d42f69d40df1a256ea8fac4d512d7cc3f65c87
PdTi,Pd1Ti3,struct_10402_0_relaxed.vasp,-0.33173839374999936,0.0,PdTi/Pd1Ti3/xyz2poscar/struct_10402_0_relaxed.vasp,9a07b83c5c8c32595fa4a1587269cb935f2ac449ab0629e03ac9f54f86fa606f
PdTi,Pd2Ti1,struct_4028_0_relaxed.vasp,-0.6217815758333285,0.0,PdTi/Pd2Ti1/xyz2poscar/struct_4028_0_relaxed.vasp,7c354889480d8c250aa53984f7b91b240a99d02a07f252fc0274e2490e2404f0
PdTi,Pd2Ti1,struct_5260_0_relaxed.vasp,-0.6212404643749979,0.0005411114583305787,PdTi/Pd2Ti1/xyz2poscar/struct_5260_0_relaxed.vasp,bb1d08c484c99a4f004202d08b777ffcb1a00f94641e276f7919b972674758f6
PdTi,Pd3Ti1,struct_10847_2_relaxed.vasp,-0.6324558977083304,0.0,PdTi/Pd3Ti1/xyz2poscar/struct_10847_2_relaxed.vasp,8f082b9854b07a8726675d453e9be4da6e7d8d897babf78ca5a98ce93d2abf42
PdTi,Pd3Ti2,struct_10078_6_relaxed.vasp,-0.5938135267499952,0.00041045171429332505,PdTi/Pd3Ti2/xyz2poscar/struct_10078_6_relaxed.vasp,a1cdf4e28ec590eb6921a9f776c677d95129da81673b449207ebd945d8214a3a
PdTi,Pd4Ti1,struct_10117_2_relaxed.vasp,-0.5469674459999958,0.0,PdTi/Pd4Ti1/xyz2poscar/struct_10117_2_relaxed.vasp,862c35fd0735beade3aad8c32b5b20718917f68cf3adbf724158af00827cb339
PdTi,Pd5Ti1,struct_10441_0_relaxed.vasp,-0.4758077547916635,0.0,PdTi/Pd5Ti1/xyz2poscar/struct_10441_0_relaxed.vasp,22a820a1779c9f1a3d599a39217056ef095c3dd97f1a5ff3bf0937bbebc2e31b
PdTi,Pd5Ti3,struct_10743_4_relaxed.vasp,-0.6076021237499969,0.0009344543750060552,PdTi/Pd5Ti3/xyz2poscar/struct_10743_4_relaxed.vasp,404e5659233be8612dd99727334519e8299626c844532fcf49a72784d53e8d38
PdTi,Pd5Ti3,struct_12742_7_relaxed.vasp,-0.608536578125003,0.0,PdTi/Pd5Ti3/xyz2poscar/struct_12742_7_relaxed.vasp,6669d2df126804143792c954057c2e71a541a945dc7cc4af85d73596154b930b
PtTi,Pt1Ti1,struct_3835_5_relaxed.vasp,-0.9206056231249979,0.0,PtTi/Pt1Ti1/xyz2poscar/struct_3835_5_relaxed.vasp,05e8e67dfb3df938e0c0829b6e14629f0bca315980897f54970149777a7c2a49
PtTi,Pt1Ti3,struct_10506_0_relaxed.vasp,-0.637581390624999,0.0,PtTi/Pt1Ti3/xyz2poscar/struct_10506_0_relaxed.vasp,2bd4d5a7d0f3c3f78df6fb58df974eb88093b873ef2c8efd174aaec9d4d1a78d
PtTi,Pt2Ti1,struct_4027_7_relaxed.vasp,-0.895754261111108,0.0,PtTi/Pt2Ti1/xyz2poscar/struct_4027_7_relaxed.vasp,512cd29f0d3b4756594df2ce398a764b392fe8b54dcc84f7583931b907c05e60
PtTi,Pt3Ti1,struct_11984_5_relaxed.vasp,-0.8478294292187547,0.0,PtTi/Pt3Ti1/xyz2poscar/struct_11984_5_relaxed.vasp,6cf5be0c16a7a57ca963f40aacddeb6995343c351e786913b63e69b3d4bb807e
PtTi,Pt3Ti2,struct_10149_8_relaxed.vasp,-0.9110986199999985,0.0,PtTi/Pt3Ti2/xyz2poscar/struct_10149_8_relaxed.vasp,5fde1dd9d22cf55c804b741cd787837ce061aaf2d77e005d0e9f38cd1b8e4ef2
PtTi,Pt3Ti5,struct_2031_0_relaxed.vasp,-0.7916013481249973,0.0,PtTi/Pt3Ti5/xyz2poscar/struct_2031_0_relaxed.vasp,6f833784069153991108e1eeb2a81088aa8e69adb08b203981d41650c14a2ada
PtTi,Pt4Ti1,struct_10382_5_relaxed.vasp,-0.7088980637499972,0.0,PtTi/Pt4Ti1/xyz2poscar/struct_10382_5_relaxed.vasp,5fc609821168f011c173d6d437215f736c07666c5674cacbbb0546ab17707be0
PtTi,Pt4Ti1,struct_10429_3_relaxed.vasp,-0.708610630249997,0.000287433500000156,PtTi/Pt4Ti1/xyz2poscar/struct_10429_3_relaxed.vasp,cb7380731824358be708f2d423c8cdc0060fc9eeb571b75bd68f84dd9a95a010
RhTi,Rh1Ti1,struct_3749_4_relaxed.vasp,-0.7362708356249952,0.0,RhTi/Rh1Ti1/xyz2poscar/struct_3749_4_relaxed.vasp,4a956772b44d37529092054b90c1742653ff00f0a8ef8e142395091864d41e1e
RhTi,Rh1Ti2,struct_9707_3_relaxed.vasp,-0.6074878466666706,0.0,RhTi/Rh1Ti2/xyz2poscar/struct_9707_3_relaxed.vasp,66c4a02708c838a2a66c840c0f1c731a08ad656918f140f94d06dcb86712ad24
RhTi,Rh1Ti3,struct_12547_5_relaxed.vasp,-0.45492665937499766,0.0006892256250052298,RhTi/Rh1Ti3/xyz2poscar/struct_12547_5_relaxed.vasp,7c435167b297984cdbdcd7455850b2873d5e1f1b66c3108580ad05ea03bf60f5
RhTi,Rh2Ti1,struct_4082_7_relaxed.vasp,-0.7099171652777758,0.0,RhTi/Rh2Ti1/xyz2poscar/struct_4082_7_relaxed.vasp,17e55f01fc9f95bba0d67cd02e154c7a392df628f2e54dd957417ca133dbd146
RhTi,Rh3Ti1,struct_6363_0_relaxed.vasp,-0.619313453750002,0.0,RhTi/Rh3Ti1/xyz2poscar/struct_6363_0_relaxed.vasp,96f70b84309c326e4a751b532ff007b92523fcc5781a584aa3e2638540ef0fb8
RhTi,Rh3Ti2,struct_10030_1_relaxed.vasp,-0.7660804752499999,0.0,RhTi/Rh3Ti2/xyz2poscar/struct_10030_1_relaxed.vasp,89f4b3cb99a84026e6e6b4bc52120bf3c0d817402880b31dfecbb52243ac8812
RhTi,Rh4Ti1,struct_10333_9_relaxed.vasp,-0.4955930655000017,0.0,RhTi/Rh4Ti1/xyz2poscar/struct_10333_9_relaxed.vasp,6df5d0b9074e4f473c039eec14a882de2074f9818db1ea1bba6f3697f2c7ae4e
RhTi,Rh5Ti3,struct_6590_2_relaxed.vasp,-0.7444658053124966,0.0005534286979191894,RhTi/Rh5Ti3/xyz2poscar/struct_6590_2_relaxed.vasp,1e1f53833cc7ea50a735e60d719873a6c81fe96427bedd31335a1340dc4cd3eb
RuTi,Ru1Ti1,struct_1329_5_relaxed.vasp,-0.7495014256250023,0.0,RuTi/Ru1Ti1/xyz2poscar/struct_1329_5_relaxed.vasp,118c7eb5398fa290ca0e5836ddb28d13036616e29fb472dc7faa00c4e6358dbd
RuTi,Ru1Ti2,struct_9327_7_relaxed.vasp,-0.517054121458339,0.0,RuTi/Ru1Ti2/xyz2poscar/struct_9327_7_relaxed.vasp,f794c37cbb70b7032036472d9890f510f23b2ed7fc3028203c1d5ed418f3eeee
RuTi,Ru1Ti4,struct_2664_4_relaxed.vasp,-0.31377679400000175,0.0,RuTi/Ru1Ti4/xyz2poscar/struct_2664_4_relaxed.vasp,9f52f2ea491bc01e070b1a64c00de2389cde460560a6b02d79dd6e8775e615d1
RuTi,Ru1Ti5,struct_674_4_relaxed.vasp,-0.2626818891666692,0.0,RuTi/Ru1Ti5/xyz2poscar/struct_674_4_relaxed.vasp,fcdb84f62ca4eda2587261d19b27902db6e062053058d01536cb00f06fffa3e2
RuTi,Ru2Ti3,struct_13563_0_relaxed.vasp,-0.6142062447500123,0.0,RuTi/Ru2Ti3/xyz2poscar/struct_13563_0_relaxed.vasp,6bc0cb1a74c3662183946384fcef4b7e09e6f6e2e6f20c471c859000c71a2eee
RuTi,Ru3Ti4,struct_3469_8_relaxed.vasp,-0.6548900260714399,0.0,RuTi/Ru3Ti4/xyz2poscar/struct_3469_8_relaxed.vasp,55d5ae41ed40acc444e3bad934f52c2bfbb37f59ccd3133b1925620fedde736c
TiZn,Ti1Zn3,struct_14853_0_relaxed.vasp,-0.1965224889583362,0.0,TiZn/Ti1Zn3/xyz2poscar/struct_14853_0_relaxed.vasp,fb547d66d101b9552abd261d9cb291393f85f36cb3f1e9b0757075c6ecd5c93a
TiZn,Ti1Zn4,struct_20443_3_relaxed.vasp,-0.16651885300000327,0.0,TiZn/Ti1Zn4/xyz2poscar/struct_20443_3_relaxed.vasp,d85cad9a5030291c2cc328f8d72391e435ee0d27f44007641853a7900fb4a373
TiZn,Ti1Zn5,struct_2526_3_relaxed.vasp,-0.13897923604166973,0.0009181952083331668,TiZn/Ti1Zn5/xyz2poscar/struct_2526_3_relaxed.vasp,b4c95a7cb06c5269590b91b6c815ec64e86ae91e497de38a44115007db7e5b0d
TiZn,Ti1Zn5,struct_2882_8_relaxed.vasp,-0.1398974312500029,0.0,TiZn/Ti1Zn5/xyz2poscar/struct_2882_8_relaxed.vasp,fe3143dc7c33805a7314d198deea122a75195ca212a233f36037e6ec1c98723c
TiZn,Ti2Zn1,struct_1781_6_relaxed.vasp,-0.15884444208333667,0.0,TiZn/Ti2Zn1/xyz2poscar/struct_1781_6_relaxed.vasp,9fbfed843b5ef02c00d04e13d0d23c33bc2d51ab9aaea0cb1686a1231043ce81
TiZn,Ti4Zn3,struct_12635_1_relaxed.vasp,-0.18488383696427593,0.0,TiZn/Ti4Zn3/xyz2poscar/struct_12635_1_relaxed.vasp,fed35db03ba202ca25ef1cd6fe987ad5c024073cc06bcd7e58540fe2fc4f69eb
